OrderID,RiderID,TimeToDispatch,TimeInTransit,total time taken,hours taken,,DeliveryStatus 0=0 On time=1,Average time ,late = 187,Late incidents of riders,,DeliveryLocationPincode
ORD_0200,RID_001,26,118,144,2.4,,0,,,Rider1,0.161290323,658453
ORD_0407,RID_001,30,107,137,2.283333333,,0,median time=,,Rider2,0.151785714,669827
ORD_0108,RID_001,28,109,137,2.283333333,,0,1.466666667,,Rider3,0.235294118,573866
ORD_0061,RID_001,18,117,135,2.25,,0,1.465516667,,Rider4,0.197916667,970813
ORD_0087,RID_001,30,103,133,2.216666667,,0,,,Rider5,0.18,632401
ORD_0156,RID_001,20,113,133,2.216666667,,0,,,Rider6,0.205882353,139434
ORD_0356,RID_001,28,103,131,2.183333333,,0,,,Rider7,0.20754717,972176
ORD_0056,RID_001,24,106,130,2.166666667,,0,,,Rider8,0.194805195,192337
ORD_0443,RID_001,30,98,128,2.133333333,,0,,,Rider9,0.1875,856086
ORD_0402,RID_001,21,107,128,2.133333333,,0,,,Rider10,0.146551724,180089
ORD_0370,RID_001,9,117,126,2.1,,0,,,,,380150
ORD_0279,RID_001,21,105,126,2.1,,0,,,,,678116
ORD_0381,RID_001,24,100,124,2.066666667,,0,,,,,252640
ORD_0441,RID_001,20,104,124,2.066666667,,0,,,,,914571
ORD_0022,RID_001,29,93,122,2.033333333,,0,,,,,639593
ORD_0226,RID_002,24,118,142,2.366666667,,0,,,,,940247
ORD_0341,RID_002,24,113,137,2.283333333,,0,,,,,685864
ORD_0064,RID_002,24,112,136,2.266666667,,0,,,,,985506
ORD_0065,RID_002,27,107,134,2.233333333,,0,,,,,366314
ORD_0455,RID_002,20,113,133,2.216666667,,0,,,,,826353
ORD_0288,RID_002,14,116,130,2.166666667,,0,,,,,833247
ORD_0255,RID_002,15,114,129,2.15,,0,,,,,841995
ORD_0026,RID_002,20,108,128,2.133333333,,0,,,,,343467
ORD_0350,RID_002,29,98,127,2.116666667,,0,,,,,154118
ORD_0023,RID_002,29,98,127,2.116666667,,0,,,,,881369
ORD_0071,RID_002,9,118,127,2.116666667,,0,,,,,882824
ORD_0302,RID_002,8,118,126,2.1,,0,,,,,769975
ORD_0412,RID_002,23,102,125,2.083333333,,0,,,,,280941
ORD_0256,RID_002,6,119,125,2.083333333,,0,,,,,787923
ORD_0472,RID_002,7,117,124,2.066666667,,0,,,,,879238
ORD_0271,RID_002,16,108,124,2.066666667,,0,,,,,605612
ORD_0023,RID_002,27,94,121,2.016666667,,0,,,,,632060
ORD_0161,RID_003,22,120,142,2.366666667,,0,,,,,368402
ORD_0107,RID_003,27,113,140,2.333333333,,0,,,,,470774
ORD_0005,RID_003,23,116,139,2.316666667,,0,,,,,437145
ORD_0013,RID_003,25,113,138,2.3,,0,,,,,345180
ORD_0018,RID_003,27,109,136,2.266666667,,0,,,,,649414
ORD_0266,RID_003,27,108,135,2.25,,0,,,,,743378
ORD_0338,RID_003,26,108,134,2.233333333,,0,,,,,141797
ORD_0284,RID_003,14,119,133,2.216666667,,0,,,,,486490
ORD_0026,RID_003,11,120,131,2.183333333,,0,,,,,506235
ORD_0132,RID_003,11,119,130,2.166666667,,0,,,,,299028
ORD_0474,RID_003,29,99,128,2.133333333,,0,,,,,619389
ORD_0291,RID_003,26,102,128,2.133333333,,0,,,,,493049
ORD_0185,RID_003,8,120,128,2.133333333,,0,,,,,810687
ORD_0352,RID_003,11,116,127,2.116666667,,0,,,,,283700
ORD_0287,RID_003,27,99,126,2.1,,0,,,,,924718
ORD_0416,RID_003,10,116,126,2.1,,0,,,,,141043
ORD_0018,RID_003,15,109,124,2.066666667,,0,,,,,878086
ORD_0318,RID_003,22,101,123,2.05,,0,,,,,535098
ORD_0463,RID_003,24,99,123,2.05,,0,,,,,469435
ORD_0097,RID_003,26,96,122,2.033333333,,0,,,,,809176
ORD_0036,RID_003,16,105,121,2.016666667,,0,,,,,329642
ORD_0079,RID_003,15,106,121,2.016666667,,0,,,,,134985
ORD_0233,RID_003,26,95,121,2.016666667,,0,,,,,790909
ORD_0496,RID_003,10,111,121,2.016666667,,0,,,,,154909
ORD_0236,RID_004,30,119,149,2.483333333,,0,,,,,397005
ORD_0472,RID_004,27,117,144,2.4,,0,,,,,549956
ORD_0112,RID_004,19,119,138,2.3,,0,,,,,338536
ORD_0197,RID_004,18,120,138,2.3,,0,,,,,196214
ORD_0431,RID_004,24,112,136,2.266666667,,0,,,,,306854
ORD_0034,RID_004,18,117,135,2.25,,0,,,,,237795
ORD_0380,RID_004,16,116,132,2.2,,0,,,,,573489
ORD_0148,RID_004,11,118,129,2.15,,0,,,,,832168
ORD_0327,RID_004,23,106,129,2.15,,0,,,,,416797
ORD_0372,RID_004,26,101,127,2.116666667,,0,,,,,391668
ORD_0127,RID_004,11,116,127,2.116666667,,0,,,,,188425
ORD_0409,RID_004,29,97,126,2.1,,0,,,,,531641
ORD_0436,RID_004,9,117,126,2.1,,0,,,,,692002
ORD_0424,RID_004,24,102,126,2.1,,0,,,,,931621
ORD_0050,RID_004,25,100,125,2.083333333,,0,,,,,807053
ORD_0189,RID_004,21,104,125,2.083333333,,0,,,,,607868
ORD_0378,RID_004,23,101,124,2.066666667,,0,,,,,813928
ORD_0001,RID_004,13,110,123,2.05,,0,,,,,557058
ORD_0084,RID_004,11,111,122,2.033333333,,0,,,,,802559
ORD_0414,RID_005,30,120,150,2.5,,0,1.465516667,on time=813,,,561124
ORD_0143,RID_005,28,115,143,2.383333333,,0,,,,,978053
ORD_0299,RID_005,20,115,135,2.25,,0,,,,,416282
ORD_0149,RID_005,23,111,134,2.233333333,,0,,,,,630108
ORD_0047,RID_005,21,111,132,2.2,,0,,,,,961322
ORD_0497,RID_005,15,115,130,2.166666667,,0,,,,,778748
ORD_0253,RID_005,16,113,129,2.15,,0,,,,,177060
ORD_0442,RID_005,22,106,128,2.133333333,,0,,,,,499534
ORD_0010,RID_005,8,119,127,2.116666667,,0,,,,,185544
ORD_0035,RID_005,20,106,126,2.1,,0,,,,,688215
ORD_0365,RID_005,30,94,124,2.066666667,,0,,,,,327823
ORD_0341,RID_005,23,101,124,2.066666667,,0,,,,,726928
ORD_0278,RID_005,21,102,123,2.05,,0,,,,,414012
ORD_0012,RID_005,24,99,123,2.05,,0,,,,,552855
ORD_0338,RID_005,5,118,123,2.05,,0,,,,,132146
ORD_0494,RID_005,23,99,122,2.033333333,,0,,,,,499749
ORD_0181,RID_005,6,115,121,2.016666667,,0,,,,,572407
ORD_0151,RID_005,24,97,121,2.016666667,,0,,,,,685066
ORD_0135,RID_006,28,120,148,2.466666667,,0,,,,,423401
ORD_0446,RID_006,28,118,146,2.433333333,,0,,,,,367931
ORD_0272,RID_006,30,107,137,2.283333333,,0,,,,,789606
ORD_0017,RID_006,29,108,137,2.283333333,,0,,,,,670913
ORD_0187,RID_006,21,115,136,2.266666667,,0,,,,,967611
ORD_0213,RID_006,21,115,136,2.266666667,,0,,,,,717476
ORD_0266,RID_006,22,111,133,2.216666667,,0,,,,,599380
ORD_0121,RID_006,21,112,133,2.216666667,,0,,,,,876962
ORD_0084,RID_006,29,103,132,2.2,,0,,,,,533914
ORD_0171,RID_006,29,102,131,2.183333333,,0,,,,,568238
ORD_0130,RID_006,29,101,130,2.166666667,,0,,,,,507524
ORD_0286,RID_006,26,103,129,2.15,,0,,,,,232321
ORD_0044,RID_006,23,104,127,2.116666667,,0,,,,,937665
ORD_0357,RID_006,11,116,127,2.116666667,,0,,,,,797660
ORD_0055,RID_006,27,99,126,2.1,,0,,,,,299367
ORD_0131,RID_006,26,99,125,2.083333333,,0,,,,,282973
ORD_0271,RID_006,5,119,124,2.066666667,,0,,,,,340044
ORD_0240,RID_006,6,117,123,2.05,,0,,,,,560767
ORD_0444,RID_006,9,113,122,2.033333333,,0,,,,,688678
ORD_0116,RID_006,25,96,121,2.016666667,,0,,,,,184349
ORD_0198,RID_006,30,91,121,2.016666667,,0,,,,,814919
ORD_0485,RID_007,29,119,148,2.466666667,,0,,,,,101206
ORD_0421,RID_007,29,117,146,2.433333333,,0,,,,,912085
ORD_0415,RID_007,23,118,141,2.35,,0,,,,,999398
ORD_0445,RID_007,24,117,141,2.35,,0,,,,,910075
ORD_0074,RID_007,23,112,135,2.25,,0,,,,,488528
ORD_0462,RID_007,30,104,134,2.233333333,,0,,,,,138479
ORD_0058,RID_007,16,117,133,2.216666667,,0,,,,,387813
ORD_0390,RID_007,23,109,132,2.2,,0,,,,,313446
ORD_0088,RID_007,26,105,131,2.183333333,,0,,,,,219565
ORD_0307,RID_007,16,114,130,2.166666667,,0,,,,,684384
ORD_0032,RID_007,28,102,130,2.166666667,,0,,,,,403578
ORD_0357,RID_007,29,101,130,2.166666667,,0,,,,,425301
ORD_0002,RID_007,19,110,129,2.15,,0,,,,,737846
ORD_0247,RID_007,23,104,127,2.116666667,,0,,,,,355400
ORD_0454,RID_007,17,107,124,2.066666667,,0,,,,,213475
ORD_0258,RID_007,8,116,124,2.066666667,,0,,,,,519902
ORD_0402,RID_007,11,112,123,2.05,,0,,,,,819112
ORD_0498,RID_007,18,105,123,2.05,,0,,,,,712955
ORD_0179,RID_007,21,100,121,2.016666667,,0,,,,,204555
ORD_0158,RID_007,19,102,121,2.016666667,,0,,,,,401338
ORD_0174,RID_007,6,115,121,2.016666667,,0,,,,,681128
ORD_0154,RID_007,19,102,121,2.016666667,,0,,,,,986438
ORD_0487,RID_008,29,119,148,2.466666667,,0,,,,,573962
ORD_0391,RID_008,18,114,132,2.2,,0,,,,,656639
ORD_0262,RID_008,30,101,131,2.183333333,,0,,,,,445658
ORD_0151,RID_008,7,120,127,2.116666667,,0,,,,,727086
ORD_0423,RID_008,20,107,127,2.116666667,,0,,,,,563513
ORD_0341,RID_008,22,105,127,2.116666667,,0,,,,,532067
ORD_0198,RID_008,30,97,127,2.116666667,,0,,,,,739427
ORD_0308,RID_008,12,114,126,2.1,,0,,,,,625721
ORD_0451,RID_008,23,101,124,2.066666667,,0,,,,,386544
ORD_0194,RID_008,10,114,124,2.066666667,,0,,,,,254864
ORD_0130,RID_008,28,95,123,2.05,,0,,,,,962367
ORD_0157,RID_008,22,100,122,2.033333333,,0,,,,,214351
ORD_0078,RID_008,30,92,122,2.033333333,,0,,,,,440981
ORD_0079,RID_008,15,106,121,2.016666667,,0,,,,,678727
ORD_0013,RID_008,20,101,121,2.016666667,,0,,,,,281926
ORD_0010,RID_009,28,115,143,2.383333333,,0,,,,,409478
ORD_0293,RID_009,29,114,143,2.383333333,,0,,,,,262246
ORD_0013,RID_009,22,113,135,2.25,,0,,,,,413058
ORD_0248,RID_009,30,104,134,2.233333333,,0,,,,,849014
ORD_0074,RID_009,21,112,133,2.216666667,,0,,,,,524068
ORD_0200,RID_009,24,105,129,2.15,,0,,,,,722503
ORD_0085,RID_009,26,102,128,2.133333333,,0,,,,,172965
ORD_0308,RID_009,18,109,127,2.116666667,,0,,,,,656968
ORD_0349,RID_009,28,97,125,2.083333333,,0,,,,,528184
ORD_0286,RID_009,25,100,125,2.083333333,,0,,,,,498468
ORD_0434,RID_009,15,110,125,2.083333333,,0,,,,,211834
ORD_0066,RID_009,29,96,125,2.083333333,,0,,,,,835869
ORD_0309,RID_009,25,100,125,2.083333333,,0,,,,,152179
ORD_0352,RID_009,16,109,125,2.083333333,,0,,,,,181644
ORD_0244,RID_009,26,98,124,2.066666667,,0,,,,,582087
ORD_0343,RID_009,10,113,123,2.05,,0,,,,,799539
ORD_0477,RID_009,9,113,122,2.033333333,,0,,,,,209680
ORD_0398,RID_009,18,104,122,2.033333333,,0,,,,,255539
ORD_0378,RID_010,29,115,144,2.4,,0,,,,,403507
ORD_0323,RID_010,22,116,138,2.3,,0,,,,,501574
ORD_0361,RID_010,30,107,137,2.283333333,,0,,,,,704238
ORD_0298,RID_010,19,118,137,2.283333333,,0,,,,,926952
ORD_0256,RID_010,28,105,133,2.216666667,,0,,,,,783157
ORD_0464,RID_010,19,114,133,2.216666667,,0,,,,,915809
ORD_0032,RID_010,21,111,132,2.2,,0,,,,,728492
ORD_0129,RID_010,29,103,132,2.2,,0,,,,,331230
ORD_0255,RID_010,23,105,128,2.133333333,,0,,,,,631981
ORD_0437,RID_010,26,101,127,2.116666667,,0,,,,,501126
ORD_0232,RID_010,16,111,127,2.116666667,,0,,,,,972442
ORD_0242,RID_010,24,100,124,2.066666667,,0,,,,,621546
ORD_0048,RID_010,28,95,123,2.05,,0,,,,,688866
ORD_0375,RID_010,14,108,122,2.033333333,,0,,,,,901280
ORD_0325,RID_010,10,112,122,2.033333333,,0,,,,,843266
ORD_0216,RID_010,25,96,121,2.016666667,,0,,,,,499407
ORD_0417,RID_010,15,106,121,2.016666667,,0,,,,,514991
ORD_0259,RID_001,7,111,118,1.966666667,,1,,,,,417530
ORD_0244,RID_001,25,93,118,1.966666667,,1,,,,,424620
ORD_0168,RID_001,21,96,117,1.95,,1,,,,,250069
ORD_0476,RID_001,20,96,116,1.933333333,,1,,,,,925013
ORD_0079,RID_001,19,96,115,1.916666667,,1,,,,,726152
ORD_0294,RID_001,30,84,114,1.9,,1,,,,,201883
ORD_0018,RID_001,17,97,114,1.9,,1,,,,,197758
ORD_0354,RID_001,20,92,112,1.866666667,,1,,,,,575682
ORD_0465,RID_001,29,80,109,1.816666667,,1,,,,,448588
ORD_0405,RID_001,24,85,109,1.816666667,,1,,,,,259493
ORD_0053,RID_001,11,97,108,1.8,,1,,,,,530764
ORD_0385,RID_001,22,83,105,1.75,,1,,,,,356059
ORD_0442,RID_001,7,97,104,1.733333333,,1,,,,,203831
ORD_0049,RID_001,19,85,104,1.733333333,,1,,,,,793169
ORD_0014,RID_001,29,74,103,1.716666667,,1,,,,,958182
ORD_0182,RID_001,28,75,103,1.716666667,,1,,,,,171603
ORD_0208,RID_001,25,77,102,1.7,,1,,,,,896788
ORD_0218,RID_001,5,96,101,1.683333333,,1,,,,,763829
ORD_0217,RID_001,22,78,100,1.666666667,,1,,,,,171942
ORD_0179,RID_001,12,85,97,1.616666667,,1,,,,,278240
ORD_0405,RID_001,12,85,97,1.616666667,,1,,,,,683286
ORD_0357,RID_001,25,68,93,1.55,,1,,,,,676818
ORD_0442,RID_001,9,84,93,1.55,,1,,,,,752878
ORD_0277,RID_001,14,79,93,1.55,,1,,,,,739098
ORD_0422,RID_001,17,75,92,1.533333333,,1,,,,,972565
ORD_0104,RID_001,8,82,90,1.5,,1,,,,,388016
ORD_0092,RID_001,16,73,89,1.483333333,,1,,,,,317220
ORD_0440,RID_001,27,61,88,1.466666667,,1,,,,,978157
ORD_0113,RID_001,30,57,87,1.45,,1,,,,,861319
ORD_0487,RID_001,16,70,86,1.433333333,,1,,,,,675898
ORD_0307,RID_001,19,65,84,1.4,,1,,,,,130271
ORD_0103,RID_001,22,61,83,1.383333333,,1,,,,,945664
ORD_0240,RID_001,16,63,79,1.316666667,,1,,,,,891615
ORD_0386,RID_001,9,70,79,1.316666667,,1,,,,,425486
ORD_0031,RID_001,6,72,78,1.3,,1,,,,,817644
ORD_0219,RID_001,5,72,77,1.283333333,,1,,,,,450905
ORD_0154,RID_001,16,60,76,1.266666667,,1,,,,,238205
ORD_0247,RID_001,10,65,75,1.25,,1,,,,,703139
ORD_0122,RID_001,13,62,75,1.25,,1,,,,,584417
ORD_0071,RID_001,26,49,75,1.25,,1,,,,,162894
ORD_0342,RID_001,19,55,74,1.233333333,,1,,,,,550797
ORD_0034,RID_001,27,47,74,1.233333333,,1,,,,,691912
ORD_0400,RID_001,12,61,73,1.216666667,,1,,,,,154944
ORD_0409,RID_001,30,43,73,1.216666667,,1,,,,,711046
ORD_0362,RID_001,13,59,72,1.2,,1,,,,,563516
ORD_0438,RID_001,15,56,71,1.183333333,,1,,,,,790203
ORD_0431,RID_001,8,61,69,1.15,,1,,,,,753534
ORD_0120,RID_001,10,57,67,1.116666667,,1,,,,,616554
ORD_0069,RID_001,18,48,66,1.1,,1,,,,,892280
ORD_0219,RID_001,26,39,65,1.083333333,,1,,,,,182804
ORD_0204,RID_001,11,51,62,1.033333333,,1,,,,,585188
ORD_0146,RID_001,21,40,61,1.016666667,,1,,,,,899929
ORD_0216,RID_001,22,39,61,1.016666667,,1,,,,,346205
ORD_0313,RID_001,20,40,60,1,,1,,,,,242254
ORD_0426,RID_001,28,31,59,0.983333333,,1,,,,,266071
ORD_0477,RID_001,10,49,59,0.983333333,,1,,,,,432043
ORD_0098,RID_001,14,45,59,0.983333333,,1,,,,,656329
ORD_0125,RID_001,14,45,59,0.983333333,,1,,,,,488028
ORD_0189,RID_001,29,30,59,0.983333333,,1,,,,,314353
ORD_0369,RID_001,25,33,58,0.966666667,,1,,,,,919488
ORD_0224,RID_001,28,30,58,0.966666667,,1,,,,,964749
ORD_0011,RID_001,29,25,54,0.9,,1,,,,,490963
ORD_0285,RID_001,6,45,51,0.85,,1,,,,,783691
ORD_0314,RID_001,28,20,48,0.8,,1,,,,,350405
ORD_0428,RID_001,28,20,48,0.8,,1,,,,,407618
ORD_0002,RID_001,6,42,48,0.8,,1,,,,,994787
ORD_0192,RID_001,16,31,47,0.783333333,,1,,,,,195656
ORD_0485,RID_001,6,41,47,0.783333333,,1,,,,,972097
ORD_0032,RID_001,25,21,46,0.766666667,,1,,,,,377304
ORD_0370,RID_001,8,38,46,0.766666667,,1,,,,,916964
ORD_0149,RID_001,5,39,44,0.733333333,,1,,,,,220465
ORD_0348,RID_001,7,36,43,0.716666667,,1,,,,,628313
ORD_0278,RID_001,7,35,42,0.7,,1,,,,,189511
ORD_0176,RID_001,9,32,41,0.683333333,,1,,,,,835132
ORD_0126,RID_001,11,28,39,0.65,,1,,,,,611650
ORD_0149,RID_001,10,29,39,0.65,,1,,,,,216276
ORD_0010,RID_001,9,22,31,0.516666667,,1,,,,,827157
ORD_0443,RID_001,6,20,26,0.433333333,,1,,,,,516359
ORD_0445,RID_002,13,103,116,1.933333333,,1,,,,,528625
ORD_0428,RID_002,30,84,114,1.9,,1,,,,,265649
ORD_0469,RID_002,30,84,114,1.9,,1,,,,,385320
ORD_0106,RID_002,22,90,112,1.866666667,,1,,,,,520252
ORD_0057,RID_002,6,106,112,1.866666667,,1,,,,,748151
ORD_0100,RID_002,30,81,111,1.85,,1,,,,,547494
ORD_0199,RID_002,17,93,110,1.833333333,,1,,,,,807617
ORD_0391,RID_002,19,91,110,1.833333333,,1,,,,,744883
ORD_0485,RID_002,27,82,109,1.816666667,,1,,,,,699704
ORD_0478,RID_002,15,94,109,1.816666667,,1,,,,,811444
ORD_0379,RID_002,29,80,109,1.816666667,,1,,,,,720148
ORD_0492,RID_002,14,94,108,1.8,,1,,,,,390743
ORD_0481,RID_002,12,95,107,1.783333333,,1,,,,,779112
ORD_0097,RID_002,25,81,106,1.766666667,,1,,,,,940886
ORD_0267,RID_002,14,91,105,1.75,,1,,,,,392099
ORD_0283,RID_002,22,82,104,1.733333333,,1,,,,,251668
ORD_0429,RID_002,11,93,104,1.733333333,,1,,,,,246566
ORD_0026,RID_002,13,91,104,1.733333333,,1,,,,,315173
ORD_0440,RID_002,26,77,103,1.716666667,,1,,,,,144357
ORD_0135,RID_002,20,81,101,1.683333333,,1,,,,,543481
ORD_0025,RID_002,7,91,98,1.633333333,,1,,,,,166645
ORD_0461,RID_002,9,89,98,1.633333333,,1,,,,,199096
ORD_0082,RID_002,11,86,97,1.616666667,,1,,,,,436653
ORD_0022,RID_002,7,90,97,1.616666667,,1,,,,,757246
ORD_0206,RID_002,22,74,96,1.6,,1,,,,,870214
ORD_0330,RID_002,15,81,96,1.6,,1,,,,,243901
ORD_0460,RID_002,15,81,96,1.6,,1,,,,,180458
ORD_0094,RID_002,15,80,95,1.583333333,,1,,,,,535037
ORD_0457,RID_002,18,77,95,1.583333333,,1,,,,,994217
ORD_0139,RID_002,10,83,93,1.55,,1,,,,,891083
ORD_0018,RID_002,18,74,92,1.533333333,,1,,,,,406039
ORD_0082,RID_002,17,75,92,1.533333333,,1,,,,,678043
ORD_0069,RID_002,27,63,90,1.5,,1,,,,,705991
ORD_0254,RID_002,12,78,90,1.5,,1,,,,,763984
ORD_0183,RID_002,18,70,88,1.466666667,,1,,,,,393328
ORD_0381,RID_002,12,76,88,1.466666667,,1,,,,,986209
ORD_0214,RID_002,12,76,88,1.466666667,,1,,,,,248766
ORD_0333,RID_002,17,71,88,1.466666667,,1,,,,,258189
ORD_0055,RID_002,29,58,87,1.45,,1,,,,,791201
ORD_0352,RID_002,11,76,87,1.45,,1,,,,,575679
ORD_0161,RID_002,21,66,87,1.45,,1,,,,,602248
ORD_0335,RID_002,19,67,86,1.433333333,,1,,,,,913423
ORD_0451,RID_002,18,67,85,1.416666667,,1,,,,,130353
ORD_0304,RID_002,22,63,85,1.416666667,,1,,,,,703727
ORD_0396,RID_002,21,64,85,1.416666667,,1,,,,,248298
ORD_0165,RID_002,7,77,84,1.4,,1,,,,,738448
ORD_0390,RID_002,16,68,84,1.4,,1,,,,,444061
ORD_0186,RID_002,20,63,83,1.383333333,,1,,,,,347745
ORD_0192,RID_002,15,67,82,1.366666667,,1,,,,,268637
ORD_0201,RID_002,24,57,81,1.35,,1,,,,,350921
ORD_0346,RID_002,7,73,80,1.333333333,,1,,,,,925206
ORD_0450,RID_002,6,74,80,1.333333333,,1,,,,,911984
ORD_0263,RID_002,29,51,80,1.333333333,,1,,,,,629057
ORD_0487,RID_002,5,75,80,1.333333333,,1,,,,,169113
ORD_0020,RID_002,20,58,78,1.3,,1,,,,,116093
ORD_0361,RID_002,7,70,77,1.283333333,,1,,,,,409571
ORD_0184,RID_002,12,64,76,1.266666667,,1,,,,,362829
ORD_0186,RID_002,17,59,76,1.266666667,,1,,,,,158900
ORD_0425,RID_002,5,68,73,1.216666667,,1,,,,,747453
ORD_0030,RID_002,12,60,72,1.2,,1,,,,,303322
ORD_0498,RID_002,13,58,71,1.183333333,,1,,,,,437978
ORD_0061,RID_002,15,56,71,1.183333333,,1,,,,,621841
ORD_0192,RID_002,19,52,71,1.183333333,,1,,,,,799233
ORD_0097,RID_002,15,55,70,1.166666667,,1,,,,,151426
ORD_0241,RID_002,27,41,68,1.133333333,,1,,,,,290305
ORD_0027,RID_002,20,47,67,1.116666667,,1,,,,,341296
ORD_0426,RID_002,27,39,66,1.1,,1,,,,,461888
ORD_0442,RID_002,27,39,66,1.1,,1,,,,,618119
ORD_0267,RID_002,22,42,64,1.066666667,,1,,,,,856648
ORD_0433,RID_002,16,45,61,1.016666667,,1,,,,,163491
ORD_0158,RID_002,10,50,60,1,,1,,,,,220764
ORD_0294,RID_002,20,40,60,1,,1,,,,,157443
ORD_0014,RID_002,12,47,59,0.983333333,,1,,,,,619536
ORD_0132,RID_002,24,34,58,0.966666667,,1,,,,,763928
ORD_0251,RID_002,14,43,57,0.95,,1,,,,,261450
ORD_0268,RID_002,8,49,57,0.95,,1,,,,,865054
ORD_0057,RID_002,20,35,55,0.916666667,,1,,,,,158845
ORD_0139,RID_002,19,36,55,0.916666667,,1,,,,,954628
ORD_0305,RID_002,10,43,53,0.883333333,,1,,,,,504832
ORD_0422,RID_002,22,31,53,0.883333333,,1,,,,,728437
ORD_0354,RID_002,27,24,51,0.85,,1,,,,,789275
ORD_0077,RID_002,16,35,51,0.85,,1,,,,,486649
ORD_0025,RID_002,29,21,50,0.833333333,,1,,,,,121869
ORD_0072,RID_002,16,34,50,0.833333333,,1,,,,,656379
ORD_0402,RID_002,11,38,49,0.816666667,,1,,,,,527940
ORD_0336,RID_002,23,25,48,0.8,,1,,,,,479353
ORD_0386,RID_002,11,36,47,0.783333333,,1,,,,,953085
ORD_0272,RID_002,11,35,46,0.766666667,,1,,,,,797416
ORD_0216,RID_002,6,37,43,0.716666667,,1,,,,,652530
ORD_0417,RID_002,6,33,39,0.65,,1,,,,,251716
ORD_0481,RID_002,13,23,36,0.6,,1,,,,,254721
ORD_0079,RID_002,9,24,33,0.55,,1,,,,,615611
ORD_0203,RID_002,11,20,31,0.516666667,,1,,,,,166287
ORD_0379,RID_002,7,23,30,0.5,,1,,,,,352528
ORD_0215,RID_002,8,21,29,0.483333333,,1,,,,,749641
ORD_0212,RID_003,10,110,120,2,,1,,,,,896290
ORD_0110,RID_003,28,92,120,2,,1,,,,,274446
ORD_0376,RID_003,12,108,120,2,,1,,,,,576805
ORD_0220,RID_003,12,108,120,2,,1,,,,,557409
ORD_0403,RID_003,30,88,118,1.966666667,,1,,,,,934816
ORD_0086,RID_003,24,92,116,1.933333333,,1,,,,,321494
ORD_0189,RID_003,14,101,115,1.916666667,,1,,,,,877747
ORD_0143,RID_003,11,104,115,1.916666667,,1,,,,,559022
ORD_0175,RID_003,14,100,114,1.9,,1,,,,,182467
ORD_0298,RID_003,11,99,110,1.833333333,,1,,,,,550137
ORD_0131,RID_003,16,93,109,1.816666667,,1,,,,,444519
ORD_0246,RID_003,27,82,109,1.816666667,,1,,,,,874683
ORD_0093,RID_003,25,83,108,1.8,,1,,,,,364659
ORD_0251,RID_003,14,94,108,1.8,,1,,,,,626690
ORD_0211,RID_003,25,81,106,1.766666667,,1,,,,,693419
ORD_0228,RID_003,23,83,106,1.766666667,,1,,,,,649525
ORD_0154,RID_003,20,85,105,1.75,,1,,,,,902325
ORD_0416,RID_003,6,98,104,1.733333333,,1,,,,,644173
ORD_0448,RID_003,17,84,101,1.683333333,,1,,,,,608257
ORD_0108,RID_003,9,92,101,1.683333333,,1,,,,,396635
ORD_0144,RID_003,24,77,101,1.683333333,,1,,,,,505341
ORD_0455,RID_003,18,82,100,1.666666667,,1,,,,,802685
ORD_0355,RID_003,12,86,98,1.633333333,,1,,,,,115582
ORD_0017,RID_003,22,76,98,1.633333333,,1,,,,,467121
ORD_0181,RID_003,12,84,96,1.6,,1,,,,,344316
ORD_0044,RID_003,26,69,95,1.583333333,,1,,,,,904624
ORD_0421,RID_003,13,80,93,1.55,,1,,,,,931016
ORD_0334,RID_003,12,79,91,1.516666667,,1,,,,,141337
ORD_0275,RID_003,18,73,91,1.516666667,,1,,,,,758452
ORD_0104,RID_003,21,70,91,1.516666667,,1,,,,,788457
ORD_0477,RID_003,9,81,90,1.5,,1,,,,,693418
ORD_0403,RID_003,16,72,88,1.466666667,,1,,,,,787351
ORD_0012,RID_003,8,80,88,1.466666667,,1,,,,,723945
ORD_0280,RID_003,28,58,86,1.433333333,,1,,,,,814220
ORD_0117,RID_003,24,61,85,1.416666667,,1,,,,,878325
ORD_0363,RID_003,9,73,82,1.366666667,,1,,,,,960616
ORD_0387,RID_003,17,65,82,1.366666667,,1,,,,,468727
ORD_0169,RID_003,8,73,81,1.35,,1,,,,,442589
ORD_0124,RID_003,10,71,81,1.35,,1,,,,,747850
ORD_0209,RID_003,7,73,80,1.333333333,,1,,,,,805511
ORD_0097,RID_003,29,50,79,1.316666667,,1,,,,,851413
ORD_0298,RID_003,15,62,77,1.283333333,,1,,,,,205239
ORD_0023,RID_003,22,54,76,1.266666667,,1,,,,,810526
ORD_0382,RID_003,9,67,76,1.266666667,,1,,,,,726410
ORD_0154,RID_003,15,60,75,1.25,,1,,,,,970127
ORD_0008,RID_003,28,46,74,1.233333333,,1,,,,,263137
ORD_0482,RID_003,29,44,73,1.216666667,,1,,,,,896907
ORD_0083,RID_003,21,51,72,1.2,,1,,,,,516791
ORD_0262,RID_003,12,60,72,1.2,,1,,,,,457455
ORD_0391,RID_003,15,55,70,1.166666667,,1,,,,,400096
ORD_0219,RID_003,9,61,70,1.166666667,,1,,,,,362801
ORD_0228,RID_003,13,57,70,1.166666667,,1,,,,,806707
ORD_0300,RID_003,25,45,70,1.166666667,,1,,,,,795847
ORD_0110,RID_003,26,43,69,1.15,,1,,,,,843963
ORD_0089,RID_003,11,57,68,1.133333333,,1,,,,,260295
ORD_0169,RID_003,26,41,67,1.116666667,,1,,,,,969752
ORD_0470,RID_003,13,51,64,1.066666667,,1,,,,,781403
ORD_0149,RID_003,27,36,63,1.05,,1,,,,,745558
ORD_0353,RID_003,26,36,62,1.033333333,,1,,,,,794299
ORD_0108,RID_003,23,35,58,0.966666667,,1,,,,,322409
ORD_0006,RID_003,10,47,57,0.95,,1,,,,,605254
ORD_0383,RID_003,21,35,56,0.933333333,,1,,,,,695164
ORD_0209,RID_003,15,40,55,0.916666667,,1,,,,,336574
ORD_0276,RID_003,21,34,55,0.916666667,,1,,,,,455395
ORD_0377,RID_003,6,46,52,0.866666667,,1,,,,,464863
ORD_0426,RID_003,18,34,52,0.866666667,,1,,,,,537983
ORD_0292,RID_003,21,28,49,0.816666667,,1,,,,,609253
ORD_0401,RID_003,15,33,48,0.8,,1,,,,,130359
ORD_0011,RID_003,13,34,47,0.783333333,,1,,,,,401601
ORD_0485,RID_003,25,22,47,0.783333333,,1,,,,,783501
ORD_0295,RID_003,25,21,46,0.766666667,,1,,,,,664742
ORD_0169,RID_003,16,29,45,0.75,,1,,,,,409445
ORD_0391,RID_003,15,29,44,0.733333333,,1,,,,,673149
ORD_0461,RID_003,12,27,39,0.65,,1,,,,,382602
ORD_0019,RID_003,5,34,39,0.65,,1,,,,,688967
ORD_0321,RID_003,9,29,38,0.633333333,,1,,,,,707616
ORD_0182,RID_003,7,29,36,0.6,,1,,,,,178463
ORD_0001,RID_003,13,22,35,0.583333333,,1,,,,,975271
ORD_0044,RID_004,5,115,120,2,,1,,,,,260053
ORD_0347,RID_004,7,112,119,1.983333333,,1,,,,,794769
ORD_0151,RID_004,16,103,119,1.983333333,,1,,,,,883790
ORD_0266,RID_004,30,88,118,1.966666667,,1,,,,,235461
ORD_0359,RID_004,7,110,117,1.95,,1,,,,,106402
ORD_0236,RID_004,7,109,116,1.933333333,,1,,,,,195674
ORD_0069,RID_004,26,89,115,1.916666667,,1,,,,,559398
ORD_0424,RID_004,25,88,113,1.883333333,,1,,,,,139019
ORD_0226,RID_004,28,83,111,1.85,,1,,,,,943298
ORD_0495,RID_004,22,89,111,1.85,,1,,,,,986827
ORD_0327,RID_004,6,104,110,1.833333333,,1,,,,,563187
ORD_0125,RID_004,22,86,108,1.8,,1,,,,,578975
ORD_0446,RID_004,7,101,108,1.8,,1,,,,,836833
ORD_0263,RID_004,12,94,106,1.766666667,,1,,,,,145767
ORD_0228,RID_004,6,100,106,1.766666667,,1,,,,,591081
ORD_0237,RID_004,14,92,106,1.766666667,,1,,,,,761532
ORD_0306,RID_004,10,95,105,1.75,,1,,,,,668950
ORD_0182,RID_004,18,87,105,1.75,,1,,,,,495533
ORD_0106,RID_004,13,92,105,1.75,,1,,,,,946432
ORD_0449,RID_004,20,79,99,1.65,,1,,,,,839677
ORD_0106,RID_004,11,88,99,1.65,,1,,,,,530728
ORD_0335,RID_004,19,79,98,1.633333333,,1,,,,,716113
ORD_0198,RID_004,20,77,97,1.616666667,,1,,,,,651499
ORD_0343,RID_004,25,71,96,1.6,,1,,,,,862712
ORD_0459,RID_004,24,71,95,1.583333333,,1,,,,,853629
ORD_0247,RID_004,30,64,94,1.566666667,,1,,,,,194769
ORD_0268,RID_004,10,84,94,1.566666667,,1,,,,,468074
ORD_0107,RID_004,8,85,93,1.55,,1,,,,,794963
ORD_0004,RID_004,17,76,93,1.55,,1,,,,,290217
ORD_0207,RID_004,30,58,88,1.466666667,,1,,,,,565230
ORD_0114,RID_004,26,62,88,1.466666667,,1,,,,,213609
ORD_0180,RID_004,10,78,88,1.466666667,,1,,,,,201255
ORD_0309,RID_004,7,79,86,1.433333333,,1,,,,,466346
ORD_0128,RID_004,11,73,84,1.4,,1,,,,,579123
ORD_0074,RID_004,16,67,83,1.383333333,,1,,,,,367729
ORD_0250,RID_004,12,70,82,1.366666667,,1,,,,,265056
ORD_0257,RID_004,11,68,79,1.316666667,,1,,,,,456331
ORD_0143,RID_004,13,65,78,1.3,,1,,,,,729575
ORD_0451,RID_004,12,63,75,1.25,,1,,,,,614084
ORD_0113,RID_004,21,53,74,1.233333333,,1,,,,,613425
ORD_0447,RID_004,21,51,72,1.2,,1,,,,,739717
ORD_0205,RID_004,25,47,72,1.2,,1,,,,,770556
ORD_0480,RID_004,15,56,71,1.183333333,,1,,,,,952547
ORD_0274,RID_004,20,49,69,1.15,,1,,,,,566297
ORD_0239,RID_004,16,50,66,1.1,,1,,,,,515032
ORD_0447,RID_004,24,42,66,1.1,,1,,,,,440140
ORD_0436,RID_004,6,59,65,1.083333333,,1,,,,,847006
ORD_0398,RID_004,26,37,63,1.05,,1,,,,,764532
ORD_0283,RID_004,30,33,63,1.05,,1,,,,,701253
ORD_0321,RID_004,7,52,59,0.983333333,,1,,,,,288803
ORD_0105,RID_004,16,42,58,0.966666667,,1,,,,,626169
ORD_0327,RID_004,28,29,57,0.95,,1,,,,,633590
ORD_0426,RID_004,11,46,57,0.95,,1,,,,,250210
ORD_0119,RID_004,22,34,56,0.933333333,,1,,,,,757937
ORD_0405,RID_004,18,38,56,0.933333333,,1,,,,,837852
ORD_0229,RID_004,16,39,55,0.916666667,,1,,,,,663658
ORD_0310,RID_004,6,49,55,0.916666667,,1,,,,,541409
ORD_0306,RID_004,16,39,55,0.916666667,,1,,,,,811163
ORD_0278,RID_004,22,32,54,0.9,,1,,,,,218972
ORD_0189,RID_004,22,32,54,0.9,,1,,,,,364236
ORD_0113,RID_004,7,46,53,0.883333333,,1,,,,,156837
ORD_0212,RID_004,16,37,53,0.883333333,,1,,,,,564637
ORD_0410,RID_004,9,44,53,0.883333333,,1,,,,,514463
ORD_0294,RID_004,17,35,52,0.866666667,,1,,,,,773918
ORD_0206,RID_004,10,41,51,0.85,,1,,,,,362246
ORD_0097,RID_004,16,34,50,0.833333333,,1,,,,,535673
ORD_0090,RID_004,11,39,50,0.833333333,,1,,,,,774591
ORD_0221,RID_004,5,45,50,0.833333333,,1,,,,,811875
ORD_0319,RID_004,9,36,45,0.75,,1,,,,,937302
ORD_0363,RID_004,12,30,42,0.7,,1,,,,,679077
ORD_0270,RID_004,10,32,42,0.7,,1,,,,,272537
ORD_0119,RID_004,18,24,42,0.7,,1,,,,,904711
ORD_0110,RID_004,12,30,42,0.7,,1,,,,,635280
ORD_0383,RID_004,19,21,40,0.666666667,,1,,,,,386706
ORD_0062,RID_004,13,21,34,0.566666667,,1,,,,,659543
ORD_0461,RID_004,8,22,30,0.5,,1,,,,,170394
ORD_0051,RID_004,10,20,30,0.5,,1,,,,,108105
ORD_0336,RID_005,6,113,119,1.983333333,,1,,,,,862569
ORD_0464,RID_005,11,107,118,1.966666667,,1,,,,,456385
ORD_0334,RID_005,21,96,117,1.95,,1,,,,,592841
ORD_0260,RID_005,27,89,116,1.933333333,,1,,,,,355570
ORD_0438,RID_005,29,87,116,1.933333333,,1,,,,,637234
ORD_0171,RID_005,19,94,113,1.883333333,,1,,,,,502219
ORD_0282,RID_005,26,87,113,1.883333333,,1,,,,,736553
ORD_0162,RID_005,12,100,112,1.866666667,,1,,,,,492483
ORD_0180,RID_005,21,91,112,1.866666667,,1,,,,,582446
ORD_0084,RID_005,13,98,111,1.85,,1,,,,,456005
ORD_0324,RID_005,21,89,110,1.833333333,,1,,,,,897143
ORD_0112,RID_005,11,98,109,1.816666667,,1,,,,,757685
ORD_0177,RID_005,23,84,107,1.783333333,,1,,,,,776796
ORD_0337,RID_005,14,92,106,1.766666667,,1,,,,,539486
ORD_0408,RID_005,29,77,106,1.766666667,,1,,,,,232915
ORD_0455,RID_005,22,84,106,1.766666667,,1,,,,,211005
ORD_0223,RID_005,19,86,105,1.75,,1,,,,,899444
ORD_0366,RID_005,11,92,103,1.716666667,,1,,,,,622584
ORD_0413,RID_005,23,80,103,1.716666667,,1,,,,,423939
ORD_0397,RID_005,9,94,103,1.716666667,,1,,,,,693830
ORD_0003,RID_005,6,96,102,1.7,,1,,,,,284171
ORD_0193,RID_005,26,74,100,1.666666667,,1,,,,,839485
ORD_0339,RID_005,13,87,100,1.666666667,,1,,,,,563688
ORD_0241,RID_005,21,78,99,1.65,,1,,,,,592296
ORD_0009,RID_005,14,84,98,1.633333333,,1,,,,,232378
ORD_0356,RID_005,21,77,98,1.633333333,,1,,,,,378258
ORD_0056,RID_005,7,90,97,1.616666667,,1,,,,,396578
ORD_0152,RID_005,14,82,96,1.6,,1,,,,,823811
ORD_0157,RID_005,17,77,94,1.566666667,,1,,,,,779172
ORD_0191,RID_005,5,88,93,1.55,,1,,,,,516716
ORD_0057,RID_005,23,69,92,1.533333333,,1,,,,,973835
ORD_0157,RID_005,29,61,90,1.5,,1,,,,,517479
ORD_0122,RID_005,17,73,90,1.5,,1,,,,,380439
ORD_0250,RID_005,27,63,90,1.5,,1,,,,,469038
ORD_0105,RID_005,13,76,89,1.483333333,,1,,,,,173201
ORD_0192,RID_005,6,83,89,1.483333333,,1,,,,,427626
ORD_0322,RID_005,26,58,84,1.4,,1,,,,,677596
ORD_0410,RID_005,11,71,82,1.366666667,,1,,,,,258290
ORD_0273,RID_005,30,50,80,1.333333333,,1,,,,,715870
ORD_0377,RID_005,10,69,79,1.316666667,,1,,,,,489033
ORD_0181,RID_005,16,61,77,1.283333333,,1,,,,,177449
ORD_0439,RID_005,16,60,76,1.266666667,,1,,,,,223172
ORD_0145,RID_005,14,62,76,1.266666667,,1,,,,,201913
ORD_0377,RID_005,24,52,76,1.266666667,,1,,,,,899649
ORD_0050,RID_005,30,45,75,1.25,,1,,,,,553014
ORD_0081,RID_005,22,53,75,1.25,,1,,,,,499889
ORD_0385,RID_005,24,49,73,1.216666667,,1,,,,,283573
ORD_0214,RID_005,20,52,72,1.2,,1,,,,,982277
ORD_0294,RID_005,30,41,71,1.183333333,,1,,,,,897305
ORD_0071,RID_005,27,43,70,1.166666667,,1,,,,,344907
ORD_0183,RID_005,26,43,69,1.15,,1,,,,,536196
ORD_0172,RID_005,23,46,69,1.15,,1,,,,,913934
ORD_0310,RID_005,6,62,68,1.133333333,,1,,,,,519904
ORD_0472,RID_005,7,61,68,1.133333333,,1,,,,,857537
ORD_0248,RID_005,26,42,68,1.133333333,,1,,,,,341288
ORD_0472,RID_005,20,45,65,1.083333333,,1,,,,,102689
ORD_0049,RID_005,27,38,65,1.083333333,,1,,,,,881886
ORD_0485,RID_005,14,50,64,1.066666667,,1,,,,,449709
ORD_0039,RID_005,11,52,63,1.05,,1,,,,,945362
ORD_0073,RID_005,24,38,62,1.033333333,,1,,,,,776149
ORD_0308,RID_005,23,37,60,1,,1,,,,,928358
ORD_0134,RID_005,27,33,60,1,,1,,,,,332311
ORD_0067,RID_005,6,53,59,0.983333333,,1,,,,,707727
ORD_0363,RID_005,5,54,59,0.983333333,,1,,,,,215266
ORD_0082,RID_005,14,41,55,0.916666667,,1,,,,,485178
ORD_0292,RID_005,14,40,54,0.9,,1,,,,,976566
ORD_0488,RID_005,16,38,54,0.9,,1,,,,,893005
ORD_0140,RID_005,24,29,53,0.883333333,,1,,,,,570711
ORD_0056,RID_005,12,39,51,0.85,,1,,,,,929090
ORD_0477,RID_005,19,32,51,0.85,,1,,,,,736565
ORD_0018,RID_005,25,24,49,0.816666667,,1,,,,,715448
ORD_0098,RID_005,5,43,48,0.8,,1,,,,,449499
ORD_0373,RID_005,15,33,48,0.8,,1,,,,,349489
ORD_0413,RID_005,5,41,46,0.766666667,,1,,,,,667296
ORD_0140,RID_005,13,30,43,0.716666667,,1,,,,,754644
ORD_0205,RID_005,13,29,42,0.7,,1,,,,,906315
ORD_0307,RID_005,21,21,42,0.7,,1,,,,,426775
ORD_0371,RID_005,11,29,40,0.666666667,,1,,,,,423993
ORD_0330,RID_005,18,22,40,0.666666667,,1,,,,,540226
ORD_0494,RID_005,14,22,36,0.6,,1,,,,,805000
ORD_0275,RID_005,6,29,35,0.583333333,,1,,,,,724932
ORD_0042,RID_005,9,20,29,0.483333333,,1,,,,,171744
ORD_0341,RID_006,11,109,120,2,,1,,,,,613117
ORD_0258,RID_006,17,101,118,1.966666667,,1,,,,,775981
ORD_0109,RID_006,22,95,117,1.95,,1,,,,,767542
ORD_0122,RID_006,29,87,116,1.933333333,,1,,,,,555052
ORD_0472,RID_006,7,108,115,1.916666667,,1,,,,,900177
ORD_0203,RID_006,27,87,114,1.9,,1,,,,,974190
ORD_0478,RID_006,7,107,114,1.9,,1,,,,,397949
ORD_0339,RID_006,28,85,113,1.883333333,,1,,,,,367271
ORD_0442,RID_006,26,86,112,1.866666667,,1,,,,,638169
ORD_0222,RID_006,18,93,111,1.85,,1,,,,,563711
ORD_0078,RID_006,27,83,110,1.833333333,,1,,,,,579027
ORD_0148,RID_006,28,81,109,1.816666667,,1,,,,,145471
ORD_0016,RID_006,29,79,108,1.8,,1,,,,,227324
ORD_0049,RID_006,20,87,107,1.783333333,,1,,,,,388375
ORD_0055,RID_006,10,94,104,1.733333333,,1,,,,,127032
ORD_0051,RID_006,13,91,104,1.733333333,,1,,,,,284229
ORD_0052,RID_006,7,96,103,1.716666667,,1,,,,,795928
ORD_0098,RID_006,10,92,102,1.7,,1,,,,,346174
ORD_0493,RID_006,26,76,102,1.7,,1,,,,,544920
ORD_0189,RID_006,16,85,101,1.683333333,,1,,,,,593355
ORD_0188,RID_006,11,90,101,1.683333333,,1,,,,,143015
ORD_0289,RID_006,16,82,98,1.633333333,,1,,,,,556839
ORD_0326,RID_006,18,79,97,1.616666667,,1,,,,,702733
ORD_0291,RID_006,6,89,95,1.583333333,,1,,,,,964998
ORD_0070,RID_006,13,79,92,1.533333333,,1,,,,,880879
ORD_0171,RID_006,15,77,92,1.533333333,,1,,,,,109853
ORD_0051,RID_006,20,70,90,1.5,,1,,,,,236435
ORD_0470,RID_006,11,76,87,1.45,,1,,,,,401022
ORD_0085,RID_006,10,76,86,1.433333333,,1,,,,,221552
ORD_0184,RID_006,30,56,86,1.433333333,,1,,,,,561694
ORD_0404,RID_006,19,66,85,1.416666667,,1,,,,,989227
ORD_0068,RID_006,19,66,85,1.416666667,,1,,,,,565108
ORD_0410,RID_006,21,63,84,1.4,,1,,,,,184714
ORD_0145,RID_006,29,55,84,1.4,,1,,,,,289179
ORD_0344,RID_006,18,65,83,1.383333333,,1,,,,,147549
ORD_0105,RID_006,26,55,81,1.35,,1,,,,,760626
ORD_0413,RID_006,26,52,78,1.3,,1,,,,,867934
ORD_0019,RID_006,26,51,77,1.283333333,,1,,,,,232040
ORD_0166,RID_006,12,63,75,1.25,,1,,,,,528129
ORD_0496,RID_006,27,48,75,1.25,,1,,,,,832409
ORD_0320,RID_006,24,50,74,1.233333333,,1,,,,,335615
ORD_0076,RID_006,16,57,73,1.216666667,,1,,,,,236306
ORD_0263,RID_006,5,68,73,1.216666667,,1,,,,,439498
ORD_0155,RID_006,18,54,72,1.2,,1,,,,,122394
ORD_0334,RID_006,15,56,71,1.183333333,,1,,,,,646781
ORD_0436,RID_006,23,47,70,1.166666667,,1,,,,,958729
ORD_0254,RID_006,20,50,70,1.166666667,,1,,,,,874814
ORD_0397,RID_006,16,54,70,1.166666667,,1,,,,,297383
ORD_0439,RID_006,24,45,69,1.15,,1,,,,,444525
ORD_0492,RID_006,25,43,68,1.133333333,,1,,,,,816318
ORD_0324,RID_006,19,49,68,1.133333333,,1,,,,,666432
ORD_0279,RID_006,11,55,66,1.1,,1,,,,,735863
ORD_0296,RID_006,22,43,65,1.083333333,,1,,,,,433632
ORD_0336,RID_006,27,38,65,1.083333333,,1,,,,,731977
ORD_0250,RID_006,25,39,64,1.066666667,,1,,,,,297816
ORD_0137,RID_006,16,45,61,1.016666667,,1,,,,,830316
ORD_0070,RID_006,21,37,58,0.966666667,,1,,,,,995916
ORD_0001,RID_006,21,36,57,0.95,,1,,,,,385765
ORD_0338,RID_006,10,47,57,0.95,,1,,,,,326441
ORD_0082,RID_006,5,52,57,0.95,,1,,,,,159653
ORD_0063,RID_006,9,46,55,0.916666667,,1,,,,,213206
ORD_0012,RID_006,16,39,55,0.916666667,,1,,,,,325583
ORD_0382,RID_006,18,35,53,0.883333333,,1,,,,,800499
ORD_0331,RID_006,7,46,53,0.883333333,,1,,,,,440544
ORD_0410,RID_006,25,27,52,0.866666667,,1,,,,,620856
ORD_0140,RID_006,25,27,52,0.866666667,,1,,,,,807764
ORD_0387,RID_006,15,36,51,0.85,,1,,,,,518098
ORD_0291,RID_006,19,32,51,0.85,,1,,,,,332335
ORD_0155,RID_006,26,23,49,0.816666667,,1,,,,,576877
ORD_0126,RID_006,19,29,48,0.8,,1,,,,,247594
ORD_0065,RID_006,10,38,48,0.8,,1,,,,,266457
ORD_0476,RID_006,8,37,45,0.75,,1,,,,,768891
ORD_0329,RID_006,17,28,45,0.75,,1,,,,,571579
ORD_0285,RID_006,16,28,44,0.733333333,,1,,,,,762055
ORD_0032,RID_006,19,24,43,0.716666667,,1,,,,,238579
ORD_0427,RID_006,6,34,40,0.666666667,,1,,,,,416869
ORD_0065,RID_006,16,22,38,0.633333333,,1,,,,,261859
ORD_0041,RID_006,11,27,38,0.633333333,,1,,,,,222343
ORD_0118,RID_006,11,27,38,0.633333333,,1,,,,,570050
ORD_0424,RID_006,6,28,34,0.566666667,,1,,,,,930281
ORD_0208,RID_006,5,23,28,0.466666667,,1,,,,,777737
ORD_0449,RID_007,17,103,120,2,,1,,,,,761820
ORD_0024,RID_007,22,95,117,1.95,,1,,,,,377896
ORD_0016,RID_007,23,93,116,1.933333333,,1,,,,,749813
ORD_0019,RID_007,21,95,116,1.933333333,,1,,,,,882354
ORD_0210,RID_007,17,97,114,1.9,,1,,,,,179013
ORD_0335,RID_007,10,103,113,1.883333333,,1,,,,,733039
ORD_0317,RID_007,12,101,113,1.883333333,,1,,,,,855948
ORD_0044,RID_007,30,83,113,1.883333333,,1,,,,,416061
ORD_0016,RID_007,8,105,113,1.883333333,,1,,,,,708519
ORD_0401,RID_007,13,99,112,1.866666667,,1,,,,,564920
ORD_0452,RID_007,22,88,110,1.833333333,,1,,,,,823846
ORD_0129,RID_007,28,82,110,1.833333333,,1,,,,,219169
ORD_0337,RID_007,13,96,109,1.816666667,,1,,,,,855855
ORD_0100,RID_007,23,85,108,1.8,,1,,,,,581894
ORD_0232,RID_007,17,87,104,1.733333333,,1,,,,,355135
ORD_0318,RID_007,9,93,102,1.7,,1,,,,,803055
ORD_0234,RID_007,11,91,102,1.7,,1,,,,,220768
ORD_0168,RID_007,12,89,101,1.683333333,,1,,,,,786735
ORD_0180,RID_007,27,74,101,1.683333333,,1,,,,,771237
ORD_0119,RID_007,20,80,100,1.666666667,,1,,,,,127529
ORD_0047,RID_007,14,85,99,1.65,,1,,,,,196126
ORD_0101,RID_007,29,69,98,1.633333333,,1,,,,,586819
ORD_0112,RID_007,16,82,98,1.633333333,,1,,,,,794093
ORD_0271,RID_007,21,77,98,1.633333333,,1,,,,,699425
ORD_0089,RID_007,8,89,97,1.616666667,,1,,,,,126240
ORD_0025,RID_007,30,67,97,1.616666667,,1,,,,,963874
ORD_0008,RID_007,27,70,97,1.616666667,,1,,,,,544611
ORD_0390,RID_007,18,77,95,1.583333333,,1,,,,,916118
ORD_0150,RID_007,26,68,94,1.566666667,,1,,,,,410244
ORD_0342,RID_007,22,71,93,1.55,,1,,,,,197736
ORD_0330,RID_007,10,83,93,1.55,,1,,,,,598733
ORD_0387,RID_007,21,71,92,1.533333333,,1,,,,,335137
ORD_0016,RID_007,30,60,90,1.5,,1,,,,,986365
ORD_0238,RID_007,28,62,90,1.5,,1,,,,,820184
ORD_0362,RID_007,27,62,89,1.483333333,,1,,,,,960408
ORD_0222,RID_007,8,81,89,1.483333333,,1,,,,,490748
ORD_0106,RID_007,20,66,86,1.433333333,,1,,,,,243139
ORD_0282,RID_007,28,58,86,1.433333333,,1,,,,,575755
ORD_0114,RID_007,29,56,85,1.416666667,,1,,,,,551607
ORD_0078,RID_007,18,66,84,1.4,,1,,,,,427704
ORD_0117,RID_007,11,72,83,1.383333333,,1,,,,,780776
ORD_0427,RID_007,5,77,82,1.366666667,,1,,,,,296694
ORD_0499,RID_007,27,53,80,1.333333333,,1,,,,,137642
ORD_0185,RID_007,28,51,79,1.316666667,,1,,,,,993140
ORD_0093,RID_007,6,73,79,1.316666667,,1,,,,,988432
ORD_0309,RID_007,29,49,78,1.3,,1,,,,,774225
ORD_0255,RID_007,13,62,75,1.25,,1,,,,,858889
ORD_0216,RID_007,12,62,74,1.233333333,,1,,,,,605937
ORD_0328,RID_007,12,62,74,1.233333333,,1,,,,,786587
ORD_0328,RID_007,9,65,74,1.233333333,,1,,,,,337144
ORD_0185,RID_007,12,61,73,1.216666667,,1,,,,,425845
ORD_0459,RID_007,5,67,72,1.2,,1,,,,,437758
ORD_0251,RID_007,21,50,71,1.183333333,,1,,,,,891093
ORD_0422,RID_007,20,48,68,1.133333333,,1,,,,,529893
ORD_0014,RID_007,18,50,68,1.133333333,,1,,,,,476096
ORD_0446,RID_007,15,52,67,1.116666667,,1,,,,,953797
ORD_0336,RID_007,9,58,67,1.116666667,,1,,,,,243423
ORD_0392,RID_007,11,56,67,1.116666667,,1,,,,,766158
ORD_0196,RID_007,17,49,66,1.1,,1,,,,,699573
ORD_0170,RID_007,16,49,65,1.083333333,,1,,,,,943671
ORD_0101,RID_007,20,45,65,1.083333333,,1,,,,,204180
ORD_0130,RID_007,14,49,63,1.05,,1,,,,,656251
ORD_0264,RID_007,27,35,62,1.033333333,,1,,,,,715643
ORD_0273,RID_007,5,56,61,1.016666667,,1,,,,,643623
ORD_0162,RID_007,24,37,61,1.016666667,,1,,,,,583863
ORD_0045,RID_007,28,33,61,1.016666667,,1,,,,,880841
ORD_0146,RID_007,5,55,60,1,,1,,,,,913217
ORD_0085,RID_007,16,41,57,0.95,,1,,,,,755788
ORD_0076,RID_007,14,43,57,0.95,,1,,,,,177794
ORD_0010,RID_007,12,44,56,0.933333333,,1,,,,,606680
ORD_0181,RID_007,8,48,56,0.933333333,,1,,,,,323072
ORD_0304,RID_007,17,38,55,0.916666667,,1,,,,,551096
ORD_0329,RID_007,23,32,55,0.916666667,,1,,,,,189083
ORD_0388,RID_007,21,34,55,0.916666667,,1,,,,,481574
ORD_0108,RID_007,24,28,52,0.866666667,,1,,,,,462351
ORD_0459,RID_007,11,40,51,0.85,,1,,,,,734394
ORD_0090,RID_007,8,42,50,0.833333333,,1,,,,,935012
ORD_0444,RID_007,19,27,46,0.766666667,,1,,,,,890785
ORD_0400,RID_007,18,28,46,0.766666667,,1,,,,,744986
ORD_0120,RID_007,20,24,44,0.733333333,,1,,,,,498676
ORD_0059,RID_007,8,34,42,0.7,,1,,,,,299869
ORD_0197,RID_007,9,30,39,0.65,,1,,,,,844261
ORD_0054,RID_007,15,23,38,0.633333333,,1,,,,,711484
ORD_0362,RID_007,10,25,35,0.583333333,,1,,,,,460120
ORD_0094,RID_008,17,103,120,2,,1,,,,,429795
ORD_0485,RID_008,11,109,120,2,,1,,,,,194682
ORD_0068,RID_008,21,96,117,1.95,,1,,,,,950823
ORD_0042,RID_008,21,95,116,1.933333333,,1,,,,,896028
ORD_0123,RID_008,5,111,116,1.933333333,,1,,,,,811332
ORD_0265,RID_008,23,92,115,1.916666667,,1,,,,,772875
ORD_0394,RID_008,22,92,114,1.9,,1,,,,,468154
ORD_0393,RID_008,26,82,108,1.8,,1,,,,,147623
ORD_0336,RID_008,11,96,107,1.783333333,,1,,,,,583550
ORD_0471,RID_008,11,95,106,1.766666667,,1,,,,,838083
ORD_0236,RID_008,10,96,106,1.766666667,,1,,,,,409222
ORD_0096,RID_008,15,90,105,1.75,,1,,,,,308894
ORD_0081,RID_008,7,91,98,1.633333333,,1,,,,,380028
ORD_0115,RID_008,28,69,97,1.616666667,,1,,,,,807166
ORD_0014,RID_008,17,80,97,1.616666667,,1,,,,,751924
ORD_0220,RID_008,9,87,96,1.6,,1,,,,,510997
ORD_0265,RID_008,5,90,95,1.583333333,,1,,,,,114338
ORD_0108,RID_008,24,71,95,1.583333333,,1,,,,,168872
ORD_0480,RID_008,15,78,93,1.55,,1,,,,,714953
ORD_0132,RID_008,23,69,92,1.533333333,,1,,,,,622707
ORD_0373,RID_008,24,68,92,1.533333333,,1,,,,,951201
ORD_0097,RID_008,7,80,87,1.45,,1,,,,,194511
ORD_0057,RID_008,21,62,83,1.383333333,,1,,,,,438908
ORD_0332,RID_008,25,54,79,1.316666667,,1,,,,,448121
ORD_0208,RID_008,11,67,78,1.3,,1,,,,,513741
ORD_0411,RID_008,30,47,77,1.283333333,,1,,,,,251157
ORD_0343,RID_008,10,67,77,1.283333333,,1,,,,,482584
ORD_0229,RID_008,14,63,77,1.283333333,,1,,,,,285751
ORD_0402,RID_008,17,59,76,1.266666667,,1,,,,,883041
ORD_0269,RID_008,9,65,74,1.233333333,,1,,,,,713762
ORD_0482,RID_008,17,56,73,1.216666667,,1,,,,,475876
ORD_0090,RID_008,26,47,73,1.216666667,,1,,,,,466813
ORD_0319,RID_008,10,61,71,1.183333333,,1,,,,,184216
ORD_0334,RID_008,15,54,69,1.15,,1,,,,,132663
ORD_0320,RID_008,24,44,68,1.133333333,,1,,,,,885395
ORD_0042,RID_008,23,44,67,1.116666667,,1,,,,,347582
ORD_0187,RID_008,19,47,66,1.1,,1,,,,,401603
ORD_0190,RID_008,17,48,65,1.083333333,,1,,,,,804938
ORD_0087,RID_008,25,40,65,1.083333333,,1,,,,,758765
ORD_0474,RID_008,15,49,64,1.066666667,,1,,,,,631699
ORD_0226,RID_008,10,51,61,1.016666667,,1,,,,,882033
ORD_0302,RID_008,9,50,59,0.983333333,,1,,,,,282710
ORD_0071,RID_008,18,40,58,0.966666667,,1,,,,,921273
ORD_0155,RID_008,16,42,58,0.966666667,,1,,,,,228168
ORD_0318,RID_008,13,44,57,0.95,,1,,,,,651640
ORD_0180,RID_008,23,33,56,0.933333333,,1,,,,,369452
ORD_0082,RID_008,21,34,55,0.916666667,,1,,,,,665610
ORD_0271,RID_008,12,41,53,0.883333333,,1,,,,,594379
ORD_0134,RID_008,26,27,53,0.883333333,,1,,,,,597305
ORD_0079,RID_008,16,35,51,0.85,,1,,,,,121753
ORD_0248,RID_008,18,33,51,0.85,,1,,,,,997594
ORD_0477,RID_008,14,33,47,0.783333333,,1,,,,,192410
ORD_0130,RID_008,17,25,42,0.7,,1,,,,,893188
ORD_0130,RID_008,13,29,42,0.7,,1,,,,,904751
ORD_0154,RID_008,12,30,42,0.7,,1,,,,,580292
ORD_0070,RID_008,12,28,40,0.666666667,,1,,,,,624563
ORD_0440,RID_008,14,25,39,0.65,,1,,,,,827712
ORD_0097,RID_008,8,30,38,0.633333333,,1,,,,,221761
ORD_0062,RID_008,15,20,35,0.583333333,,1,,,,,229592
ORD_0290,RID_008,8,21,29,0.483333333,,1,,,,,925981
ORD_0314,RID_008,6,20,26,0.433333333,,1,,,,,310548
ORD_0229,RID_008,5,20,25,0.416666667,,1,,,,,255813
ORD_0488,RID_009,25,95,120,2,,1,,,,,938141
ORD_0269,RID_009,25,95,120,2,,1,,,,,846746
ORD_0470,RID_009,5,114,119,1.983333333,,1,,,,,595951
ORD_0282,RID_009,29,89,118,1.966666667,,1,,,,,722937
ORD_0309,RID_009,8,110,118,1.966666667,,1,,,,,449555
ORD_0044,RID_009,21,92,113,1.883333333,,1,,,,,713799
ORD_0354,RID_009,11,101,112,1.866666667,,1,,,,,831380
ORD_0026,RID_009,18,94,112,1.866666667,,1,,,,,988456
ORD_0387,RID_009,8,103,111,1.85,,1,,,,,901909
ORD_0273,RID_009,9,102,111,1.85,,1,,,,,943718
ORD_0438,RID_009,24,87,111,1.85,,1,,,,,188834
ORD_0074,RID_009,19,91,110,1.833333333,,1,,,,,766269
ORD_0253,RID_009,27,82,109,1.816666667,,1,,,,,445824
ORD_0204,RID_009,15,94,109,1.816666667,,1,,,,,194689
ORD_0090,RID_009,28,80,108,1.8,,1,,,,,455168
ORD_0375,RID_009,8,99,107,1.783333333,,1,,,,,440131
ORD_0408,RID_009,27,78,105,1.75,,1,,,,,551574
ORD_0461,RID_009,19,84,103,1.716666667,,1,,,,,791998
ORD_0147,RID_009,28,75,103,1.716666667,,1,,,,,503380
ORD_0279,RID_009,10,93,103,1.716666667,,1,,,,,280222
ORD_0164,RID_009,20,82,102,1.7,,1,,,,,253557
ORD_0377,RID_009,9,92,101,1.683333333,,1,,,,,587853
ORD_0071,RID_009,17,84,101,1.683333333,,1,,,,,535686
ORD_0079,RID_009,14,85,99,1.65,,1,,,,,782535
ORD_0431,RID_009,28,70,98,1.633333333,,1,,,,,718849
ORD_0413,RID_009,6,89,95,1.583333333,,1,,,,,134305
ORD_0424,RID_009,17,78,95,1.583333333,,1,,,,,445705
ORD_0229,RID_009,10,83,93,1.55,,1,,,,,425346
ORD_0237,RID_009,22,70,92,1.533333333,,1,,,,,927564
ORD_0278,RID_009,5,85,90,1.5,,1,,,,,443939
ORD_0287,RID_009,7,82,89,1.483333333,,1,,,,,557925
ORD_0020,RID_009,7,81,88,1.466666667,,1,,,,,610271
ORD_0433,RID_009,26,59,85,1.416666667,,1,,,,,714867
ORD_0392,RID_009,27,58,85,1.416666667,,1,,,,,265055
ORD_0284,RID_009,26,57,83,1.383333333,,1,,,,,882544
ORD_0123,RID_009,15,68,83,1.383333333,,1,,,,,880758
ORD_0040,RID_009,11,71,82,1.366666667,,1,,,,,777513
ORD_0384,RID_009,15,66,81,1.35,,1,,,,,455007
ORD_0121,RID_009,10,71,81,1.35,,1,,,,,521126
ORD_0296,RID_009,15,66,81,1.35,,1,,,,,731661
ORD_0473,RID_009,18,62,80,1.333333333,,1,,,,,205389
ORD_0282,RID_009,26,53,79,1.316666667,,1,,,,,524707
ORD_0304,RID_009,14,64,78,1.3,,1,,,,,886730
ORD_0364,RID_009,9,67,76,1.266666667,,1,,,,,683783
ORD_0325,RID_009,6,67,73,1.216666667,,1,,,,,402020
ORD_0132,RID_009,22,50,72,1.2,,1,,,,,595158
ORD_0128,RID_009,29,42,71,1.183333333,,1,,,,,533321
ORD_0370,RID_009,28,43,71,1.183333333,,1,,,,,930884
ORD_0273,RID_009,5,66,71,1.183333333,,1,,,,,102973
ORD_0338,RID_009,27,42,69,1.15,,1,,,,,228093
ORD_0435,RID_009,20,48,68,1.133333333,,1,,,,,986088
ORD_0198,RID_009,7,60,67,1.116666667,,1,,,,,108491
ORD_0366,RID_009,13,54,67,1.116666667,,1,,,,,208529
ORD_0448,RID_009,29,36,65,1.083333333,,1,,,,,483542
ORD_0469,RID_009,22,43,65,1.083333333,,1,,,,,461939
ORD_0238,RID_009,30,34,64,1.066666667,,1,,,,,738577
ORD_0015,RID_009,6,56,62,1.033333333,,1,,,,,662636
ORD_0169,RID_009,9,53,62,1.033333333,,1,,,,,164879
ORD_0151,RID_009,5,57,62,1.033333333,,1,,,,,454803
ORD_0366,RID_009,22,38,60,1,,1,,,,,419149
ORD_0422,RID_009,16,44,60,1,,1,,,,,701987
ORD_0087,RID_009,12,47,59,0.983333333,,1,,,,,786516
ORD_0162,RID_009,24,34,58,0.966666667,,1,,,,,413685
ORD_0043,RID_009,11,47,58,0.966666667,,1,,,,,483629
ORD_0034,RID_009,25,32,57,0.95,,1,,,,,765620
ORD_0246,RID_009,12,44,56,0.933333333,,1,,,,,108060
ORD_0167,RID_009,24,31,55,0.916666667,,1,,,,,721946
ORD_0294,RID_009,9,44,53,0.883333333,,1,,,,,883301
ORD_0035,RID_009,21,29,50,0.833333333,,1,,,,,562236
ORD_0130,RID_009,14,33,47,0.783333333,,1,,,,,339592
ORD_0354,RID_009,24,22,46,0.766666667,,1,,,,,142185
ORD_0273,RID_009,18,28,46,0.766666667,,1,,,,,203225
ORD_0474,RID_009,6,35,41,0.683333333,,1,,,,,332120
ORD_0218,RID_009,12,29,41,0.683333333,,1,,,,,207798
ORD_0417,RID_009,17,23,40,0.666666667,,1,,,,,674993
ORD_0038,RID_009,6,31,37,0.616666667,,1,,,,,827369
ORD_0310,RID_009,8,26,34,0.566666667,,1,,,,,691119
ORD_0472,RID_009,9,21,30,0.5,,1,,,,,471371
ORD_0041,RID_010,27,92,119,1.983333333,,1,,,,,114594
ORD_0340,RID_010,24,94,118,1.966666667,,1,,,,,438977
ORD_0228,RID_010,28,90,118,1.966666667,,1,,,,,910208
ORD_0473,RID_010,9,107,116,1.933333333,,1,,,,,237377
ORD_0496,RID_010,22,94,116,1.933333333,,1,,,,,997004
ORD_0245,RID_010,22,93,115,1.916666667,,1,,,,,523808
ORD_0234,RID_010,19,96,115,1.916666667,,1,,,,,219971
ORD_0068,RID_010,18,95,113,1.883333333,,1,,,,,992931
ORD_0484,RID_010,5,107,112,1.866666667,,1,,,,,203996
ORD_0253,RID_010,14,98,112,1.866666667,,1,,,,,386436
ORD_0362,RID_010,9,102,111,1.85,,1,,,,,185461
ORD_0306,RID_010,23,87,110,1.833333333,,1,,,,,861894
ORD_0013,RID_010,15,95,110,1.833333333,,1,,,,,591699
ORD_0009,RID_010,28,81,109,1.816666667,,1,,,,,788637
ORD_0005,RID_010,5,104,109,1.816666667,,1,,,,,431495
ORD_0343,RID_010,21,87,108,1.8,,1,,,,,479430
ORD_0304,RID_010,15,92,107,1.783333333,,1,,,,,550961
ORD_0412,RID_010,29,77,106,1.766666667,,1,,,,,734836
ORD_0341,RID_010,8,98,106,1.766666667,,1,,,,,648141
ORD_0127,RID_010,12,93,105,1.75,,1,,,,,769567
ORD_0027,RID_010,29,75,104,1.733333333,,1,,,,,195763
ORD_0405,RID_010,12,92,104,1.733333333,,1,,,,,178957
ORD_0074,RID_010,26,78,104,1.733333333,,1,,,,,859396
ORD_0350,RID_010,11,93,104,1.733333333,,1,,,,,910389
ORD_0212,RID_010,13,90,103,1.716666667,,1,,,,,480303
ORD_0279,RID_010,5,98,103,1.716666667,,1,,,,,586490
ORD_0069,RID_010,12,90,102,1.7,,1,,,,,153945
ORD_0368,RID_010,20,80,100,1.666666667,,1,,,,,262029
ORD_0018,RID_010,14,86,100,1.666666667,,1,,,,,754858
ORD_0034,RID_010,15,84,99,1.65,,1,,,,,789786
ORD_0129,RID_010,7,89,96,1.6,,1,,,,,970357
ORD_0127,RID_010,6,90,96,1.6,,1,,,,,996840
ORD_0340,RID_010,13,79,92,1.533333333,,1,,,,,123005
ORD_0045,RID_010,17,75,92,1.533333333,,1,,,,,818987
ORD_0296,RID_010,11,81,92,1.533333333,,1,,,,,199704
ORD_0378,RID_010,17,75,92,1.533333333,,1,,,,,208633
ORD_0435,RID_010,6,85,91,1.516666667,,1,,,,,449247
ORD_0151,RID_010,15,76,91,1.516666667,,1,,,,,681242
ORD_0459,RID_010,11,77,88,1.466666667,,1,,,,,584172
ORD_0192,RID_010,17,70,87,1.45,,1,,,,,751051
ORD_0089,RID_010,9,76,85,1.416666667,,1,,,,,576919
ORD_0046,RID_010,12,73,85,1.416666667,,1,,,,,116547
ORD_0460,RID_010,11,74,85,1.416666667,,1,,,,,534303
ORD_0254,RID_010,7,77,84,1.4,,1,,,,,325468
ORD_0100,RID_010,28,55,83,1.383333333,,1,,,,,527809
ORD_0439,RID_010,14,69,83,1.383333333,,1,,,,,389666
ORD_0223,RID_010,23,60,83,1.383333333,,1,,,,,389282
ORD_0014,RID_010,20,62,82,1.366666667,,1,,,,,326040
ORD_0099,RID_010,6,75,81,1.35,,1,,,,,807115
ORD_0046,RID_010,29,52,81,1.35,,1,,,,,575528
ORD_0079,RID_010,27,52,79,1.316666667,,1,,,,,362529
ORD_0199,RID_010,7,72,79,1.316666667,,1,,,,,163780
ORD_0118,RID_010,24,53,77,1.283333333,,1,,,,,717457
ORD_0392,RID_010,13,63,76,1.266666667,,1,,,,,402218
ORD_0081,RID_010,20,56,76,1.266666667,,1,,,,,494468
ORD_0002,RID_010,28,47,75,1.25,,1,,,,,155164
ORD_0460,RID_010,6,66,72,1.2,,1,,,,,428267
ORD_0009,RID_010,8,63,71,1.183333333,,1,,,,,235215
ORD_0209,RID_010,9,59,68,1.133333333,,1,,,,,897441
ORD_0292,RID_010,14,53,67,1.116666667,,1,,,,,489518
ORD_0334,RID_010,8,57,65,1.083333333,,1,,,,,138817
ORD_0271,RID_010,5,60,65,1.083333333,,1,,,,,153035
ORD_0200,RID_010,17,48,65,1.083333333,,1,,,,,475644
ORD_0286,RID_010,23,41,64,1.066666667,,1,,,,,437408
ORD_0488,RID_010,11,52,63,1.05,,1,,,,,683397
ORD_0242,RID_010,11,52,63,1.05,,1,,,,,219346
ORD_0355,RID_010,15,47,62,1.033333333,,1,,,,,359778
ORD_0154,RID_010,21,39,60,1,,1,,,,,926918
ORD_0328,RID_010,19,41,60,1,,1,,,,,485415
ORD_0461,RID_010,14,45,59,0.983333333,,1,,,,,973294
ORD_0070,RID_010,25,33,58,0.966666667,,1,,,,,127121
ORD_0177,RID_010,27,31,58,0.966666667,,1,,,,,666456
ORD_0145,RID_010,25,33,58,0.966666667,,1,,,,,225812
ORD_0382,RID_010,16,42,58,0.966666667,,1,,,,,823108
ORD_0159,RID_010,18,40,58,0.966666667,,1,,,,,257677
ORD_0322,RID_010,25,32,57,0.95,,1,,,,,427730
ORD_0188,RID_010,22,34,56,0.933333333,,1,,,,,928381
ORD_0499,RID_010,24,31,55,0.916666667,,1,,,,,577463
ORD_0289,RID_010,22,33,55,0.916666667,,1,,,,,175576
ORD_0381,RID_010,25,29,54,0.9,,1,,,,,634723
ORD_0376,RID_010,20,32,52,0.866666667,,1,,,,,964226
ORD_0246,RID_010,9,43,52,0.866666667,,1,,,,,276299
ORD_0140,RID_010,22,28,50,0.833333333,,1,,,,,476395
ORD_0187,RID_010,22,28,50,0.833333333,,1,,,,,374896
ORD_0316,RID_010,29,20,49,0.816666667,,1,,,,,993744
ORD_0212,RID_010,26,23,49,0.816666667,,1,,,,,819425
ORD_0178,RID_010,15,34,49,0.816666667,,1,,,,,950360
ORD_0182,RID_010,18,30,48,0.8,,1,,,,,708093
ORD_0140,RID_010,20,28,48,0.8,,1,,,,,725185
ORD_0088,RID_010,6,42,48,0.8,,1,,,,,503159
ORD_0144,RID_010,25,22,47,0.783333333,,1,,,,,479625
ORD_0356,RID_010,5,39,44,0.733333333,,1,,,,,926730
ORD_0032,RID_010,9,32,41,0.683333333,,1,,,,,949153
ORD_0313,RID_010,5,35,40,0.666666667,,1,,,,,119651
ORD_0301,RID_010,12,27,39,0.65,,1,,,,,546980
ORD_0161,RID_010,9,29,38,0.633333333,,1,,,,,632929
ORD_0056,RID_010,12,26,38,0.633333333,,1,,,,,148225
ORD_0125,RID_010,9,25,34,0.566666667,,1,,,,,348728
ORD_0097,RID_010,7,20,27,0.45,,1,,,,,979060
